{
    "/book-mockup-small.webp": "GDkzSX+W6DD3lHQ9-0tevBk03waSImxfny-urbOMb4s=",
    "/book-mockup.webp": "0a7C6Z3Rrg3RIyeld+gedVd2RlnMAhdjamYOnybKS30=",
    "/books.webp": "8aiyhkdBjW9xdURCR29VNwksG0Vo6VxlwgZeb9Na354=",
    "/burj-khalifa.webp": "aAzPa2zVYo4h4NKJnb2uFbw6fawd51DNFqqF5XIjrIQ=",
    "/cover.webp": "m0qfFGgNX2Vah9vnoMitewe8I+MK+w3mF3GTaPTJlog=",
    "/dubai-museum.webp": "6BmFHVw8Ilam-iAdegfRr6CeeYuizdB7SyPUrNcJSvM=",
    "/due-bg.webp": "yU7EIB7BxSSUZRq-bIwBqt8bBrz0McKykemGdWpq+fY=",
    "/gold-cover.webp": "dZq-ztgXamYuaD8PUA9VaaTQh-2Em2GlfxlfYBDFNg8=",
    "/og-image.webp": "9Urvs3uk-nyEun+L55Kga17geZF+vnVmj6axZaTep90=",
    "/shashi.webp": "8b7VdnRdX+vD2iEPUZ9m5OBIZcNurpmcizQp8bf6A7I=",
    "/side.webp": "KKPru1UsmkXZNka1omJMH7yNvI2CE-3AXQyE4IAnogg=",
    "/web-app-manifest-192x192.png": "Qvxgrr-wKDqueZ8ew++qMifV2va8w2zAubtnR-dH2Pk=",
    "/web-app-manifest-512x512.png": "elX+fhapVo9qRlOrbVe5ZLBk3ZqMpnC97jWxaCswBRs="
}